review_id,reviewer_name,date,review_text,persona,text_highlight_related_to_persona,positive_feedback,text_highlight_related_to_positive_feedback,constructive_feedback,text_highlight_related_to_constructive_feedback
1,Alice,2024-03-12,"Absolutely love the ease of use of the FitTrack Pro! Great for busy mothers like myself who need to monitor workouts quickly.","Mothers","busy mothers like myself","Ease of Use","love the ease of use","",""
2,Bob,2024-03-13,"The UI is a bit cluttered, it feels overwhelming sometimes when trying to navigate between different workout modes.","Fitness Enthusiasts","workout modes","","","UI/UX Issues","UI is a bit cluttered, it feels overwhelming"
3,Charlie,2024-03-14,"Perfect companion for pickleball enthusiasts! Lightweight and easy to wear during intense matches.","Athletes","pickleball enthusiasts","Design & Aesthetics","Perfect companion, Lightweight and easy to wear","",""
4,Diana,2024-03-15,"Wish there was better battery life. Dies too quickly during my yoga classes which typically last 90 minutes.","Fitness Enthusiasts","my yoga classes","","","Battery Life","Dies too quickly during my yoga classes"
5,Ethan,2024-03-16,"College students will appreciate the affordable price of the FitTrack Pro compared to other fitness trackers.","Students","College students","Value Proposition","affordable price","",""
6,Fiona,2024-03-17,"Loved the sleek design, looks premium on my wrist and doesn't scream 'fitness tracker' like others.","Fashion-Conscious Users","doesn't scream 'fitness tracker'","Design & Aesthetics","sleek design, looks premium","",""
7,George,2024-03-18,"The sleep tracking feature is incredibly accurate. I can see exactly when I fell into deep sleep.","Health-Conscious Users","sleep tracking","Sleep Tracking","incredibly accurate","",""
8,Hannah,2024-03-19,"As a runner, I find the GPS tracking to be spot on. Much better than my previous fitness band.","Athletes","As a runner","Accuracy","GPS tracking to be spot on","",""
9,Ian,2024-03-20,"The app crashes sometimes when syncing large amounts of workout data. Frustrating after a marathon.","Athletes","after a marathon","","","App Stability","app crashes sometimes when syncing large amounts of workout data"
10,Jessica,2024-03-21,"Perfect for my elderly father who needed something simple to track his daily steps and heart rate.","Seniors","my elderly father","Ease of Use","Perfect for my elderly father","",""
11,Kevin,2024-03-22,"The water resistance is excellent! I swim laps daily and it's holding up perfectly after 3 months.","Athletes","I swim laps daily","Durability","water resistance is excellent","",""
12,Liam,2024-03-23,"The heart rate monitor seems inaccurate during high-intensity workouts. Shows lower than my chest strap.","Fitness Enthusiasts","high-intensity workouts","","","Accuracy Issues","heart rate monitor seems inaccurate"
13,Mia,2024-03-24,"As a night shift nurse, I love how it tracks unusual sleep patterns and gives relevant advice.","Healthcare Workers","night shift nurse","Sleep Tracking","tracks unusual sleep patterns and gives relevant advice","",""
14,Noah,2024-03-25,"The step counter seems to register steps even when I'm just moving my arms. Not very accurate.","Fitness Enthusiasts","moving my arms","","","Accuracy Issues","step counter seems to register steps even when I'm just moving my arms"
15,Olivia,2024-03-26,"The guided breathing exercises have been a game-changer for my anxiety management.","Health-Conscious Users","anxiety management","Health Features","guided breathing exercises have been a game-changer","",""
16,Paul,2024-03-27,"Would love more customization options for the watch face. Current selection is limited.","Fashion-Conscious Users","watch face","","","Customization Options","more customization options for the watch face"
17,Quinn,2024-03-28,"Perfect for hikers! The altitude tracking and weather alerts have saved me multiple times.","Athletes","hikers","Accuracy","altitude tracking and weather alerts have saved me","",""
18,Rachel,2024-03-29,"The notifications are too subtle. I miss important calls when I'm focused on my workouts.","Fitness Enthusiasts","my workouts","","","UI/UX Issues","notifications are too subtle"
19,Sam,2024-03-30,"The social features let me compete with friends which keeps me motivated to hit my step goals.","Students","compete with friends","Social Features","social features let me compete with friends","",""
20,Taylor,2024-03-31,"As a personal trainer, I recommend the FitTrack Pro to all my clients for its comprehensive metrics.","Fitness Enthusiasts","personal trainer","Accuracy","comprehensive metrics","",""
21,Uma,2024-04-01,"The band irritates my skin after prolonged wear. Wish they offered hypoallergenic options.","Health-Conscious Users","skin","","","Comfort Issues","band irritates my skin"
22,Victor,2024-04-02,"The calorie tracking seems accurate when I compare it to my nutritional calculations.","Health-Conscious Users","nutritional calculations","Accuracy","calorie tracking seems accurate","",""
23,Wendy,2024-04-03,"Perfect for new moms! It helped me track my postpartum recovery with gentle workout suggestions.","Mothers","new moms, postpartum recovery","Health Features","helped me track my postpartum recovery","",""
24,Xavier,2024-04-04,"The meditation timer and heart rate integration helps me see which techniques work best for me.","Health-Conscious Users","meditation timer","Health Features","heart rate integration helps me see which techniques work best","",""
25,Yasmine,2024-04-05,"As a diabetic, I wish it had glucose monitoring integration like some competitors.","Health-Conscious Users","As a diabetic","","","Health Integration","wish it had glucose monitoring integration"
26,Zach,2024-04-06,"The cycling metrics are comprehensive. Cadence, speed, and elevation data all in one place.","Athletes","cycling metrics","Accuracy","metrics are comprehensive","",""
27,Abby,2024-04-07,"The menstrual cycle tracking feature is intuitive and helps me plan my workouts accordingly.","Health-Conscious Users","menstrual cycle","Health Features","menstrual cycle tracking feature is intuitive","",""
28,Ben,2024-04-08,"For business travelers like me, the multiple time zone feature is incredibly useful during trips.","Professionals","business travelers","Ease of Use","multiple time zone feature is incredibly useful","",""
29,Chloe,2024-04-09,"The vibration alarm is gentle yet effective. Doesn't disturb my partner when I wake up early for runs.","Athletes","wake up early for runs","Design & Aesthetics","vibration alarm is gentle yet effective","",""
30,Derek,2024-04-10,"The screen is hard to read in direct sunlight. Makes it difficult to check stats during outdoor workouts.","Athletes","outdoor workouts","","","UI/UX Issues","screen is hard to read in direct sunlight"
31,Emma,2024-04-11,"As a CrossFit enthusiast, I love the specific workout tracking for HIIT and strength training.","Athletes","CrossFit enthusiast","Accuracy","specific workout tracking for HIIT and strength training","",""
32,Frank,2024-04-12,"The stress monitoring feature has made me more aware of my mental health throughout the workday.","Professionals","workday","Health Features","stress monitoring feature has made me more aware","",""
33,Grace,2024-04-13,"Perfect for golfers! The swing analysis and course mapping features are spot on.","Athletes","golfers","Accuracy","swing analysis and course mapping features","",""
34,Henry,2024-04-14,"The band broke after just two months of normal use. Expected better durability at this price point.","Fitness Enthusiasts","normal use","","","Durability Issues","band broke after just two months"
35,Iris,2024-04-15,"As a dance instructor, I appreciate how it recognizes different movement patterns accurately.","Fitness Enthusiasts","dance instructor","Accuracy","recognizes different movement patterns accurately","",""
36,Jack,2024-04-16,"The FitTrack Pro motivates me with achievement badges that actually feel rewarding to earn.","Students","achievement badges","Social Features","achievement badges that actually feel rewarding","",""
37,Kelly,2024-04-17,"The app interface could use better organization. Takes too many taps to access common features.","Fitness Enthusiasts","common features","","","UI/UX Issues","app interface could use better organization"
38,Leo,2024-04-18,"Perfect for seniors starting fitness journeys! My 70-year-old dad finds it intuitive and motivating.","Seniors","seniors, 70-year-old dad","Ease of Use","intuitive and motivating","",""
39,Maya,2024-04-19,"The hydration reminders have helped me develop better habits throughout my workday.","Professionals","workday","Health Features","hydration reminders have helped me develop better habits","",""
40,Nate,2024-04-20,"As a martial artist, I wish it had more specific tracking for combat sports and training.","Athletes","martial artist","","","Customization Options","wish it had more specific tracking for combat sports"
41,Olivia,2024-04-21,"The guided video workouts sync perfectly with the tracker metrics for a cohesive experience.","Fitness Enthusiasts","guided video workouts","Ease of Use","guided video workouts sync perfectly","",""
42,Peter,2024-04-22,"The music controls are convenient during workouts, but sometimes lag when skipping tracks.","Fitness Enthusiasts","during workouts","Design & Aesthetics","music controls are convenient","Performance Issues","sometimes lag when skipping tracks"
43,Quinn,2024-04-23,"As a physical therapist, I recommend this to patients for rehabilitation progress tracking.","Healthcare Workers","physical therapist","Health Features","rehabilitation progress tracking","",""
44,Rosa,2024-04-24,"The recovery metrics have prevented me from overtraining multiple times. Very valuable feature.","Athletes","overtraining","Health Features","recovery metrics have prevented me from overtraining","",""
45,Steve,2024-04-25,"The FitTrack Pro is perfect for tech-savvy retirees looking to maintain an active lifestyle.","Seniors","retirees","Ease of Use","perfect for tech-savvy retirees","",""
46,Tina,2024-04-26,"The voice command feature is spotty at best. Often misinterprets what I'm trying to do.","Fitness Enthusiasts","voice command","","","Accuracy Issues","voice command feature is spotty"
47,Uri,2024-04-27,"As a mountain biker, the crash detection and emergency contact feature gives me peace of mind.","Athletes","mountain biker","Health Features","crash detection and emergency contact feature","",""
48,Violet,2024-04-28,"The breathing exercises have significantly improved my meditation practice and mindfulness.","Health-Conscious Users","meditation practice","Health Features","breathing exercises have significantly improved","",""
49,Will,2024-04-29,"The watch band options could be more diverse. Limited styles for professional settings.","Fashion-Conscious Users","professional settings","","","Customization Options","watch band options could be more diverse"
50,Xena,2024-04-30,"Perfect for busy executives! Quick glance metrics help me stay healthy despite my schedule.","Professionals","busy executives","Ease of Use","Quick glance metrics","",""
51,Yuri,2024-05-01,"The FitTrack Pro has become essential for managing my chronic condition with activity pacing.","Health-Conscious Users","chronic condition","Health Features","essential for managing my chronic condition","",""
52,Zoe,2024-05-02,"The weather integration helps me plan my outdoor runs without switching between apps.","Athletes","outdoor runs","Ease of Use","weather integration helps me plan","",""
53,Adam,2024-05-03,"As a competitive swimmer, I love the detailed lap tracking and stroke identification.","Athletes","competitive swimmer","Accuracy","detailed lap tracking and stroke identification","",""
54,Bella,2024-05-04,"The on-screen workouts are too small to follow easily. Need better visual guidance.","Fitness Enthusiasts","on-screen workouts","","","UI/UX Issues","on-screen workouts are too small"
55,Carlos,2024-05-05,"Perfect for parents who want to model healthy habits! My kids love seeing my activity stats.","Mothers","parents, kids","Social Features","model healthy habits","",""
56,Dani,2024-05-06,"The sleep suggestions based on my patterns have actually improved my rest quality noticeably.","Health-Conscious Users","sleep suggestions","Sleep Tracking","sleep suggestions have improved my rest quality","",""
57,Eli,2024-05-07,"As a fashion-conscious person, I appreciate how it looks good with both casual and formal wear.","Fashion-Conscious Users","fashion-conscious person","Design & Aesthetics","looks good with both casual and formal wear","",""
58,Faye,2024-05-08,"The FitTrack Pro's reminders to move have helped me break my sedentary work habits.","Professionals","sedentary work habits","Health Features","reminders to move have helped me break my sedentary work habits","",""
59,Greg,2024-05-09,"The food logging feature is cumbersome. Takes too many steps to record simple meals.","Health-Conscious Users","food logging","","","UI/UX Issues","food logging feature is cumbersome"
60,Heidi,2024-05-10,"Perfect for adventure travelers! Tracks activities from snorkeling to mountain climbing accurately.","Athletes","adventure travelers","Accuracy","Tracks activities from snorkeling to mountain climbing accurately","",""
61,Ivan,2024-05-11,"The breathing rate monitoring during sleep helped identify my sleep apnea early.","Health-Conscious Users","sleep apnea","Sleep Tracking","breathing rate monitoring during sleep helped identify","",""
62,Julie,2024-05-12,"As a teacher, I love using the silent timer features during class activities and tests.","Professionals","teacher","Ease of Use","silent timer features during class activities","",""
63,Kyle,2024-05-13,"The FitTrack Pro's motivational messages sometimes feel generic rather than personalized.","Fitness Enthusiasts","motivational messages","","","Customization Options","motivational messages sometimes feel generic"
64,Lena,2024-05-14,"The posture alert feature has significantly improved my awareness during long work sessions.","Professionals","long work sessions","Health Features","posture alert feature has significantly improved my awareness","",""
65,Mike,2024-05-15,"As a chef, I appreciate the waterproof design that survives kitchen splashes and hand washing.","Professionals","chef","Durability","waterproof design that survives kitchen splashes","",""
66,Nina,2024-05-16,"The FitTrack Pro community challenges keep me engaged and pushing toward new fitness goals.","Students","community challenges","Social Features","community challenges keep me engaged","",""
67,Oscar,2024-05-17,"The translation between different exercise types could be better. Doesn't recognize when I switch activities.","Athletes","exercise types","","","Accuracy Issues","translation between different exercise types could be better"
68,Penny,2024-05-18,"Perfect for book club members! We all got one and now compete in step challenges while discussing novels.","Students","book club members","Social Features","compete in step challenges while discussing novels","",""
69,Quincy,2024-05-19,"As a wildlife photographer, the silent mode and long battery life are perfect for field work.","Professionals","wildlife photographer","Durability","silent mode and long battery life are perfect for field work","",""
70,Rita,2024-05-20,"The FitTrack Pro's comprehensive health dashboard gives me a complete picture of my wellbeing.","Health-Conscious Users","wellbeing","Health Features","comprehensive health dashboard gives me a complete picture","",""
